mean_critical_ratio,cost_p50,cost_newsvendor,savings,savings_pct
0.6666669249534607,684898.9283360839,656975.9750947907,27922.953241293202,4.076945091610838
